city, marital-status, age, gender, year, population
CC, Divorced, 0-4, F, 2006, 0
CC, Divorced, 0-4, M, 2006, 0
CC, Divorced, 10-14, F, 2006, 0
CC, Divorced, 10-14, M, 2006, 0
CC, Divorced, 15-19, F, 2006, 0
CC, Divorced, 15-19, M, 2006, 0
CC, Divorced, 20-24, F, 2006, 4
CC, Divorced, 20-24, M, 2006, 4
CC, Divorced, 25-29, F, 2006, 14
CC, Divorced, 25-29, M, 2006, 19
CC, Divorced, 30-34, F, 2006, 45
CC, Divorced, 30-34, M, 2006, 55
CC, Divorced, 35-39, F, 2006, 108
CC, Divorced, 35-39, M, 2006, 83
CC, Divorced, 40-44, F, 2006, 179
CC, Divorced, 40-44, M, 2006, 122
CC, Divorced, 45-49, F, 2006, 200
CC, Divorced, 45-49, M, 2006, 141
CC, Divorced, 5-9, F, 2006, 0
CC, Divorced, 5-9, M, 2006, 0
CC, Divorced, 50-54, F, 2006, 172
CC, Divorced, 50-54, M, 2006, 124
CC, Divorced, 55-59, F, 2006, 94
CC, Divorced, 55-59, M, 2006, 111
CC, Divorced, 60-64, F, 2006, 76
CC, Divorced, 60-64, M, 2006, 64
CC, Divorced, 65-69, F, 2006, 19
CC, Divorced, 65-69, M, 2006, 30
CC, Divorced, 70-74, F, 2006, 20
CC, Divorced, 70-74, M, 2006, 22
CC, Divorced, 75-79, F, 2006, 3
CC, Divorced, 75-79, M, 2006, 8
CC, Divorced, 80-84, F, 2006, 5
CC, Divorced, 80-84, M, 2006, 3
CC, Divorced, 85-and-more, F, 2006, 2
CC, Divorced, 85-and-more, M, 2006, 1
CC, Married, 0-4, F, 2006, 0
CC, Married, 0-4, M, 2006, 0
CC, Married, 10-14, F, 2006, 0
CC, Married, 10-14, M, 2006, 0
CC, Married, 15-19, F, 2006, 12
CC, Married, 15-19, M, 2006, 15
CC, Married, 20-24, F, 2006, 218
CC, Married, 20-24, M, 2006, 130
CC, Married, 25-29, F, 2006, 766
CC, Married, 25-29, M, 2006, 615
CC, Married, 30-34, F, 2006, 1320
CC, Married, 30-34, M, 2006, 1242
CC, Married, 35-39, F, 2006, 1791
CC, Married, 35-39, M, 2006, 1771
CC, Married, 40-44, F, 2006, 2355
CC, Married, 40-44, M, 2006, 2227
CC, Married, 45-49, F, 2006, 2398
CC, Married, 45-49, M, 2006, 2450
CC, Married, 5-9, F, 2006, 0
CC, Married, 5-9, M, 2006, 0
CC, Married, 50-54, F, 2006, 2186
CC, Married, 50-54, M, 2006, 2218
CC, Married, 55-59, F, 2006, 2150
CC, Married, 55-59, M, 2006, 2127
CC, Married, 60-64, F, 2006, 1913
CC, Married, 60-64, M, 2006, 1961
CC, Married, 65-69, F, 2006, 1674
CC, Married, 65-69, M, 2006, 1749
CC, Married, 70-74, F, 2006, 1231
CC, Married, 70-74, M, 2006, 1387
CC, Married, 75-79, F, 2006, 626
CC, Married, 75-79, M, 2006, 912
CC, Married, 80-84, F, 2006, 252
CC, Married, 80-84, M, 2006, 421
CC, Married, 85-and-more, F, 2006, 87
CC, Married, 85-and-more, M, 2006, 152
CC, Separated, 0-4, F, 2006, 0
CC, Separated, 0-4, M, 2006, 0
CC, Separated, 10-14, F, 2006, 0
CC, Separated, 10-14, M, 2006, 0
CC, Separated, 15-19, F, 2006, 0
CC, Separated, 15-19, M, 2006, 2
CC, Separated, 20-24, F, 2006, 9
CC, Separated, 20-24, M, 2006, 7
CC, Separated, 25-29, F, 2006, 46
CC, Separated, 25-29, M, 2006, 21
CC, Separated, 30-34, F, 2006, 106
CC, Separated, 30-34, M, 2006, 64
CC, Separated, 35-39, F, 2006, 199
CC, Separated, 35-39, M, 2006, 123
CC, Separated, 40-44, F, 2006, 301
CC, Separated, 40-44, M, 2006, 177
CC, Separated, 45-49, F, 2006, 410
CC, Separated, 45-49, M, 2006, 234
CC, Separated, 5-9, F, 2006, 0
CC, Separated, 5-9, M, 2006, 0
CC, Separated, 50-54, F, 2006, 336
CC, Separated, 50-54, M, 2006, 216
CC, Separated, 55-59, F, 2006, 275
CC, Separated, 55-59, M, 2006, 225
CC, Separated, 60-64, F, 2006, 162
CC, Separated, 60-64, M, 2006, 130
CC, Separated, 65-69, F, 2006, 118
CC, Separated, 65-69, M, 2006, 98
CC, Separated, 70-74, F, 2006, 54
CC, Separated, 70-74, M, 2006, 40
CC, Separated, 75-79, F, 2006, 17
CC, Separated, 75-79, M, 2006, 21
CC, Separated, 80-84, F, 2006, 10
CC, Separated, 80-84, M, 2006, 5
CC, Separated, 85-and-more, F, 2006, 2
CC, Separated, 85-and-more, M, 2006, 4
CC, Single, 0-4, F, 2006, 2791
CC, Single, 0-4, M, 2006, 2916
CC, Single, 10-14, F, 2006, 3087
CC, Single, 10-14, M, 2006, 3319
CC, Single, 15-19, F, 2006, 4460
CC, Single, 15-19, M, 2006, 4418
CC, Single, 20-24, F, 2006, 7284
CC, Single, 20-24, M, 2006, 6672
CC, Single, 25-29, F, 2006, 4980
CC, Single, 25-29, M, 2006, 5511
CC, Single, 30-34, F, 2006, 2480
CC, Single, 30-34, M, 2006, 3008
CC, Single, 35-39, F, 2006, 1275
CC, Single, 35-39, M, 2006, 1720
CC, Single, 40-44, F, 2006, 952
CC, Single, 40-44, M, 2006, 1081
CC, Single, 45-49, F, 2006, 704
CC, Single, 45-49, M, 2006, 786
CC, Single, 5-9, F, 2006, 2883
CC, Single, 5-9, M, 2006, 3168
CC, Single, 50-54, F, 2006, 484
CC, Single, 50-54, M, 2006, 707
CC, Single, 55-59, F, 2006, 419
CC, Single, 55-59, M, 2006, 541
CC, Single, 60-64, F, 2006, 369
CC, Single, 60-64, M, 2006, 421
CC, Single, 65-69, F, 2006, 340
CC, Single, 65-69, M, 2006, 354
CC, Single, 70-74, F, 2006, 353
CC, Single, 70-74, M, 2006, 286
CC, Single, 75-79, F, 2006, 376
CC, Single, 75-79, M, 2006, 184
CC, Single, 80-84, F, 2006, 351
CC, Single, 80-84, M, 2006, 114
CC, Single, 85-and-more, F, 2006, 258
CC, Single, 85-and-more, M, 2006, 89
CC, Widowed, 0-4, F, 2006, 0
CC, Widowed, 0-4, M, 2006, 0
CC, Widowed, 10-14, F, 2006, 0
CC, Widowed, 10-14, M, 2006, 0
CC, Widowed, 15-19, F, 2006, 2
CC, Widowed, 15-19, M, 2006, 0
CC, Widowed, 20-24, F, 2006, 10
CC, Widowed, 20-24, M, 2006, 8
CC, Widowed, 25-29, F, 2006, 22
CC, Widowed, 25-29, M, 2006, 26
CC, Widowed, 30-34, F, 2006, 26
CC, Widowed, 30-34, M, 2006, 32
CC, Widowed, 35-39, F, 2006, 42
CC, Widowed, 35-39, M, 2006, 22
CC, Widowed, 40-44, F, 2006, 61
CC, Widowed, 40-44, M, 2006, 30
CC, Widowed, 45-49, F, 2006, 114
CC, Widowed, 45-49, M, 2006, 36
CC, Widowed, 5-9, F, 2006, 0
CC, Widowed, 5-9, M, 2006, 0
CC, Widowed, 50-54, F, 2006, 154
CC, Widowed, 50-54, M, 2006, 76
CC, Widowed, 55-59, F, 2006, 269
CC, Widowed, 55-59, M, 2006, 111
CC, Widowed, 60-64, F, 2006, 422
CC, Widowed, 60-64, M, 2006, 149
CC, Widowed, 65-69, F, 2006, 662
CC, Widowed, 65-69, M, 2006, 202
CC, Widowed, 70-74, F, 2006, 853
CC, Widowed, 70-74, M, 2006, 253
CC, Widowed, 75-79, F, 2006, 928
CC, Widowed, 75-79, M, 2006, 260
CC, Widowed, 80-84, F, 2006, 831
CC, Widowed, 80-84, M, 2006, 235
CC, Widowed, 85-and-more, F, 2006, 762
CC, Widowed, 85-and-more, M, 2006, 183
DC, Divorced, 0-4, F, 2006, 0
DC, Divorced, 0-4, M, 2006, 0
DC, Divorced, 10-14, F, 2006, 0
DC, Divorced, 10-14, M, 2006, 0
DC, Divorced, 15-19, F, 2006, 0
DC, Divorced, 15-19, M, 2006, 1
DC, Divorced, 20-24, F, 2006, 22
DC, Divorced, 20-24, M, 2006, 16
DC, Divorced, 25-29, F, 2006, 133
DC, Divorced, 25-29, M, 2006, 96
DC, Divorced, 30-34, F, 2006, 273
DC, Divorced, 30-34, M, 2006, 315
DC, Divorced, 35-39, F, 2006, 541
DC, Divorced, 35-39, M, 2006, 486
DC, Divorced, 40-44, F, 2006, 708
DC, Divorced, 40-44, M, 2006, 609
DC, Divorced, 45-49, F, 2006, 735
DC, Divorced, 45-49, M, 2006, 691
DC, Divorced, 5-9, F, 2006, 0
DC, Divorced, 5-9, M, 2006, 0
DC, Divorced, 50-54, F, 2006, 621
DC, Divorced, 50-54, M, 2006, 620
DC, Divorced, 55-59, F, 2006, 474
DC, Divorced, 55-59, M, 2006, 481
DC, Divorced, 60-64, F, 2006, 270
DC, Divorced, 60-64, M, 2006, 300
DC, Divorced, 65-69, F, 2006, 158
DC, Divorced, 65-69, M, 2006, 159
DC, Divorced, 70-74, F, 2006, 68
DC, Divorced, 70-74, M, 2006, 84
DC, Divorced, 75-79, F, 2006, 29
DC, Divorced, 75-79, M, 2006, 32
DC, Divorced, 80-84, F, 2006, 21
DC, Divorced, 80-84, M, 2006, 4
DC, Divorced, 85-and-more, F, 2006, 7
DC, Divorced, 85-and-more, M, 2006, 6
DC, Married, 0-4, F, 2006, 0
DC, Married, 0-4, M, 2006, 0
DC, Married, 10-14, F, 2006, 0
DC, Married, 10-14, M, 2006, 0
DC, Married, 15-19, F, 2006, 129
DC, Married, 15-19, M, 2006, 109
DC, Married, 20-24, F, 2006, 1120
DC, Married, 20-24, M, 2006, 789
DC, Married, 25-29, F, 2006, 4111
DC, Married, 25-29, M, 2006, 3347
DC, Married, 30-34, F, 2006, 7188
DC, Married, 30-34, M, 2006, 6978
DC, Married, 35-39, F, 2006, 8263
DC, Married, 35-39, M, 2006, 8443
DC, Married, 40-44, F, 2006, 8791
DC, Married, 40-44, M, 2006, 9111
DC, Married, 45-49, F, 2006, 8394
DC, Married, 45-49, M, 2006, 8727
DC, Married, 5-9, F, 2006, 0
DC, Married, 5-9, M, 2006, 0
DC, Married, 50-54, F, 2006, 7422
DC, Married, 50-54, M, 2006, 7776
DC, Married, 55-59, F, 2006, 7297
DC, Married, 55-59, M, 2006, 7454
DC, Married, 60-64, F, 2006, 6307
DC, Married, 60-64, M, 2006, 6499
DC, Married, 65-69, F, 2006, 5429
DC, Married, 65-69, M, 2006, 5780
DC, Married, 70-74, F, 2006, 4101
DC, Married, 70-74, M, 2006, 4711
DC, Married, 75-79, F, 2006, 2571
DC, Married, 75-79, M, 2006, 3233
DC, Married, 80-84, F, 2006, 1100
DC, Married, 80-84, M, 2006, 1708
DC, Married, 85-and-more, F, 2006, 392
DC, Married, 85-and-more, M, 2006, 676
DC, Separated, 0-4, F, 2006, 0
DC, Separated, 0-4, M, 2006, 0
DC, Separated, 10-14, F, 2006, 0
DC, Separated, 10-14, M, 2006, 0
DC, Separated, 15-19, F, 2006, 7
DC, Separated, 15-19, M, 2006, 6
DC, Separated, 20-24, F, 2006, 58
DC, Separated, 20-24, M, 2006, 25
DC, Separated, 25-29, F, 2006, 227
DC, Separated, 25-29, M, 2006, 121
DC, Separated, 30-34, F, 2006, 487
DC, Separated, 30-34, M, 2006, 313
DC, Separated, 35-39, F, 2006, 926
DC, Separated, 35-39, M, 2006, 622
DC, Separated, 40-44, F, 2006, 1280
DC, Separated, 40-44, M, 2006, 873
DC, Separated, 45-49, F, 2006, 1420
DC, Separated, 45-49, M, 2006, 1045
DC, Separated, 5-9, F, 2006, 0
DC, Separated, 5-9, M, 2006, 0
DC, Separated, 50-54, F, 2006, 1259
DC, Separated, 50-54, M, 2006, 1117
DC, Separated, 55-59, F, 2006, 1050
DC, Separated, 55-59, M, 2006, 1004
DC, Separated, 60-64, F, 2006, 683
DC, Separated, 60-64, M, 2006, 678
DC, Separated, 65-69, F, 2006, 436
DC, Separated, 65-69, M, 2006, 462
DC, Separated, 70-74, F, 2006, 236
DC, Separated, 70-74, M, 2006, 251
DC, Separated, 75-79, F, 2006, 107
DC, Separated, 75-79, M, 2006, 104
DC, Separated, 80-84, F, 2006, 41
DC, Separated, 80-84, M, 2006, 41
DC, Separated, 85-and-more, F, 2006, 22
DC, Separated, 85-and-more, M, 2006, 13
DC, Single, 0-4, F, 2006, 12933
DC, Single, 0-4, M, 2006, 13430
DC, Single, 10-14, F, 2006, 11996
DC, Single, 10-14, M, 2006, 12452
DC, Single, 15-19, F, 2006, 14779
DC, Single, 15-19, M, 2006, 14790
DC, Single, 20-24, F, 2006, 27404
DC, Single, 20-24, M, 2006, 26214
DC, Single, 25-29, F, 2006, 26965
DC, Single, 25-29, M, 2006, 28557
DC, Single, 30-34, F, 2006, 14586
DC, Single, 30-34, M, 2006, 16629
DC, Single, 35-39, F, 2006, 8102
DC, Single, 35-39, M, 2006, 9337
DC, Single, 40-44, F, 2006, 5379
DC, Single, 40-44, M, 2006, 5750
DC, Single, 45-49, F, 2006, 3868
DC, Single, 45-49, M, 2006, 3971
DC, Single, 5-9, F, 2006, 12151
DC, Single, 5-9, M, 2006, 12892
DC, Single, 50-54, F, 2006, 3056
DC, Single, 50-54, M, 2006, 3025
DC, Single, 55-59, F, 2006, 2380
DC, Single, 55-59, M, 2006, 2493
DC, Single, 60-64, F, 2006, 1822
DC, Single, 60-64, M, 2006, 1799
DC, Single, 65-69, F, 2006, 1712
DC, Single, 65-69, M, 2006, 1388
DC, Single, 70-74, F, 2006, 1730
DC, Single, 70-74, M, 2006, 1174
DC, Single, 75-79, F, 2006, 1685
DC, Single, 75-79, M, 2006, 887
DC, Single, 80-84, F, 2006, 1420
DC, Single, 80-84, M, 2006, 485
DC, Single, 85-and-more, F, 2006, 1251
DC, Single, 85-and-more, M, 2006, 336
DC, Widowed, 0-4, F, 2006, 0
DC, Widowed, 0-4, M, 2006, 0
DC, Widowed, 10-14, F, 2006, 0
DC, Widowed, 10-14, M, 2006, 0
DC, Widowed, 15-19, F, 2006, 9
DC, Widowed, 15-19, M, 2006, 19
DC, Widowed, 20-24, F, 2006, 34
DC, Widowed, 20-24, M, 2006, 34
DC, Widowed, 25-29, F, 2006, 88
DC, Widowed, 25-29, M, 2006, 93
DC, Widowed, 30-34, F, 2006, 121
DC, Widowed, 30-34, M, 2006, 123
DC, Widowed, 35-39, F, 2006, 182
DC, Widowed, 35-39, M, 2006, 128
DC, Widowed, 40-44, F, 2006, 285
DC, Widowed, 40-44, M, 2006, 193
DC, Widowed, 45-49, F, 2006, 473
DC, Widowed, 45-49, M, 2006, 224
DC, Widowed, 5-9, F, 2006, 0
DC, Widowed, 5-9, M, 2006, 0
DC, Widowed, 50-54, F, 2006, 619
DC, Widowed, 50-54, M, 2006, 315
DC, Widowed, 55-59, F, 2006, 964
DC, Widowed, 55-59, M, 2006, 439
DC, Widowed, 60-64, F, 2006, 1449
DC, Widowed, 60-64, M, 2006, 543
DC, Widowed, 65-69, F, 2006, 2207
DC, Widowed, 65-69, M, 2006, 770
DC, Widowed, 70-74, F, 2006, 3219
DC, Widowed, 70-74, M, 2006, 951
DC, Widowed, 75-79, F, 2006, 3777
DC, Widowed, 75-79, M, 2006, 1114
DC, Widowed, 80-84, F, 2006, 3486
DC, Widowed, 80-84, M, 2006, 919
DC, Widowed, 85-and-more, F, 2006, 3078
DC, Widowed, 85-and-more, M, 2006, 697
GC, Divorced, 0-4, F, 2006, 0
GC, Divorced, 0-4, M, 2006, 0
GC, Divorced, 10-14, F, 2006, 0
GC, Divorced, 10-14, M, 2006, 0
GC, Divorced, 15-19, F, 2006, 0
GC, Divorced, 15-19, M, 2006, 1
GC, Divorced, 20-24, F, 2006, 5
GC, Divorced, 20-24, M, 2006, 0
GC, Divorced, 25-29, F, 2006, 14
GC, Divorced, 25-29, M, 2006, 25
GC, Divorced, 30-34, F, 2006, 61
GC, Divorced, 30-34, M, 2006, 40
GC, Divorced, 35-39, F, 2006, 63
GC, Divorced, 35-39, M, 2006, 59
GC, Divorced, 40-44, F, 2006, 117
GC, Divorced, 40-44, M, 2006, 99
GC, Divorced, 45-49, F, 2006, 126
GC, Divorced, 45-49, M, 2006, 72
GC, Divorced, 5-9, F, 2006, 0
GC, Divorced, 5-9, M, 2006, 0
GC, Divorced, 50-54, F, 2006, 114
GC, Divorced, 50-54, M, 2006, 65
GC, Divorced, 55-59, F, 2006, 72
GC, Divorced, 55-59, M, 2006, 50
GC, Divorced, 60-64, F, 2006, 46
GC, Divorced, 60-64, M, 2006, 29
GC, Divorced, 65-69, F, 2006, 21
GC, Divorced, 65-69, M, 2006, 14
GC, Divorced, 70-74, F, 2006, 13
GC, Divorced, 70-74, M, 2006, 11
GC, Divorced, 75-79, F, 2006, 8
GC, Divorced, 75-79, M, 2006, 5
GC, Divorced, 80-84, F, 2006, 1
GC, Divorced, 80-84, M, 2006, 2
GC, Divorced, 85-and-more, F, 2006, 0
GC, Divorced, 85-and-more, M, 2006, 0
GC, Married, 0-4, F, 2006, 0
GC, Married, 0-4, M, 2006, 0
GC, Married, 10-14, F, 2006, 0
GC, Married, 10-14, M, 2006, 0
GC, Married, 15-19, F, 2006, 18
GC, Married, 15-19, M, 2006, 11
GC, Married, 20-24, F, 2006, 195
GC, Married, 20-24, M, 2006, 111
GC, Married, 25-29, F, 2006, 703
GC, Married, 25-29, M, 2006, 533
GC, Married, 30-34, F, 2006, 1127
GC, Married, 30-34, M, 2006, 1043
GC, Married, 35-39, F, 2006, 1108
GC, Married, 35-39, M, 2006, 1145
GC, Married, 40-44, F, 2006, 1156
GC, Married, 40-44, M, 2006, 1189
GC, Married, 45-49, F, 2006, 1166
GC, Married, 45-49, M, 2006, 1197
GC, Married, 5-9, F, 2006, 0
GC, Married, 5-9, M, 2006, 0
GC, Married, 50-54, F, 2006, 1120
GC, Married, 50-54, M, 2006, 1132
GC, Married, 55-59, F, 2006, 1005
GC, Married, 55-59, M, 2006, 1034
GC, Married, 60-64, F, 2006, 834
GC, Married, 60-64, M, 2006, 851
GC, Married, 65-69, F, 2006, 633
GC, Married, 65-69, M, 2006, 675
GC, Married, 70-74, F, 2006, 388
GC, Married, 70-74, M, 2006, 499
GC, Married, 75-79, F, 2006, 241
GC, Married, 75-79, M, 2006, 327
GC, Married, 80-84, F, 2006, 102
GC, Married, 80-84, M, 2006, 162
GC, Married, 85-and-more, F, 2006, 36
GC, Married, 85-and-more, M, 2006, 89
GC, Separated, 0-4, F, 2006, 0
GC, Separated, 0-4, M, 2006, 0
GC, Separated, 10-14, F, 2006, 0
GC, Separated, 10-14, M, 2006, 0
GC, Separated, 15-19, F, 2006, 2
GC, Separated, 15-19, M, 2006, 3
GC, Separated, 20-24, F, 2006, 16
GC, Separated, 20-24, M, 2006, 3
GC, Separated, 25-29, F, 2006, 51
GC, Separated, 25-29, M, 2006, 17
GC, Separated, 30-34, F, 2006, 82
GC, Separated, 30-34, M, 2006, 47
GC, Separated, 35-39, F, 2006, 114
GC, Separated, 35-39, M, 2006, 59
GC, Separated, 40-44, F, 2006, 167
GC, Separated, 40-44, M, 2006, 97
GC, Separated, 45-49, F, 2006, 186
GC, Separated, 45-49, M, 2006, 105
GC, Separated, 5-9, F, 2006, 0
GC, Separated, 5-9, M, 2006, 0
GC, Separated, 50-54, F, 2006, 155
GC, Separated, 50-54, M, 2006, 116
GC, Separated, 55-59, F, 2006, 117
GC, Separated, 55-59, M, 2006, 73
GC, Separated, 60-64, F, 2006, 70
GC, Separated, 60-64, M, 2006, 57
GC, Separated, 65-69, F, 2006, 39
GC, Separated, 65-69, M, 2006, 33
GC, Separated, 70-74, F, 2006, 27
GC, Separated, 70-74, M, 2006, 23
GC, Separated, 75-79, F, 2006, 10
GC, Separated, 75-79, M, 2006, 7
GC, Separated, 80-84, F, 2006, 2
GC, Separated, 80-84, M, 2006, 2
GC, Separated, 85-and-more, F, 2006, 2
GC, Separated, 85-and-more, M, 2006, 2
GC, Single, 0-4, F, 2006, 2130
GC, Single, 0-4, M, 2006, 2148
GC, Single, 10-14, F, 2006, 1635
GC, Single, 10-14, M, 2006, 1695
GC, Single, 15-19, F, 2006, 2961
GC, Single, 15-19, M, 2006, 2608
GC, Single, 20-24, F, 2006, 5863
GC, Single, 20-24, M, 2006, 5211
GC, Single, 25-29, F, 2006, 4115
GC, Single, 25-29, M, 2006, 4385
GC, Single, 30-34, F, 2006, 2177
GC, Single, 30-34, M, 2006, 2238
GC, Single, 35-39, F, 2006, 1063
GC, Single, 35-39, M, 2006, 1044
GC, Single, 40-44, F, 2006, 634
GC, Single, 40-44, M, 2006, 546
GC, Single, 45-49, F, 2006, 467
GC, Single, 45-49, M, 2006, 379
GC, Single, 5-9, F, 2006, 1725
GC, Single, 5-9, M, 2006, 1817
GC, Single, 50-54, F, 2006, 347
GC, Single, 50-54, M, 2006, 291
GC, Single, 55-59, F, 2006, 264
GC, Single, 55-59, M, 2006, 230
GC, Single, 60-64, F, 2006, 178
GC, Single, 60-64, M, 2006, 177
GC, Single, 65-69, F, 2006, 153
GC, Single, 65-69, M, 2006, 149
GC, Single, 70-74, F, 2006, 155
GC, Single, 70-74, M, 2006, 113
GC, Single, 75-79, F, 2006, 134
GC, Single, 75-79, M, 2006, 92
GC, Single, 80-84, F, 2006, 119
GC, Single, 80-84, M, 2006, 55
GC, Single, 85-and-more, F, 2006, 84
GC, Single, 85-and-more, M, 2006, 38
GC, Widowed, 0-4, F, 2006, 0
GC, Widowed, 0-4, M, 2006, 0
GC, Widowed, 10-14, F, 2006, 0
GC, Widowed, 10-14, M, 2006, 0
GC, Widowed, 15-19, F, 2006, 1
GC, Widowed, 15-19, M, 2006, 2
GC, Widowed, 20-24, F, 2006, 5
GC, Widowed, 20-24, M, 2006, 9
GC, Widowed, 25-29, F, 2006, 12
GC, Widowed, 25-29, M, 2006, 11
GC, Widowed, 30-34, F, 2006, 11
GC, Widowed, 30-34, M, 2006, 10
GC, Widowed, 35-39, F, 2006, 22
GC, Widowed, 35-39, M, 2006, 12
GC, Widowed, 40-44, F, 2006, 24
GC, Widowed, 40-44, M, 2006, 10
GC, Widowed, 45-49, F, 2006, 50
GC, Widowed, 45-49, M, 2006, 23
GC, Widowed, 5-9, F, 2006, 0
GC, Widowed, 5-9, M, 2006, 0
GC, Widowed, 50-54, F, 2006, 72
GC, Widowed, 50-54, M, 2006, 26
GC, Widowed, 55-59, F, 2006, 116
GC, Widowed, 55-59, M, 2006, 38
GC, Widowed, 60-64, F, 2006, 166
GC, Widowed, 60-64, M, 2006, 53
GC, Widowed, 65-69, F, 2006, 184
GC, Widowed, 65-69, M, 2006, 60
GC, Widowed, 70-74, F, 2006, 270
GC, Widowed, 70-74, M, 2006, 71
GC, Widowed, 75-79, F, 2006, 307
GC, Widowed, 75-79, M, 2006, 58
GC, Widowed, 80-84, F, 2006, 279
GC, Widowed, 80-84, M, 2006, 69
GC, Widowed, 85-and-more, F, 2006, 310
GC, Widowed, 85-and-more, M, 2006, 66
LC, Divorced, 0-4, F, 2006, 0
LC, Divorced, 0-4, M, 2006, 0
LC, Divorced, 10-14, F, 2006, 0
LC, Divorced, 10-14, M, 2006, 0
LC, Divorced, 15-19, F, 2006, 0
LC, Divorced, 15-19, M, 2006, 1
LC, Divorced, 20-24, F, 2006, 3
LC, Divorced, 20-24, M, 2006, 3
LC, Divorced, 25-29, F, 2006, 10
LC, Divorced, 25-29, M, 2006, 14
LC, Divorced, 30-34, F, 2006, 30
LC, Divorced, 30-34, M, 2006, 14
LC, Divorced, 35-39, F, 2006, 64
LC, Divorced, 35-39, M, 2006, 51
LC, Divorced, 40-44, F, 2006, 88
LC, Divorced, 40-44, M, 2006, 79
LC, Divorced, 45-49, F, 2006, 85
LC, Divorced, 45-49, M, 2006, 80
LC, Divorced, 5-9, F, 2006, 0
LC, Divorced, 5-9, M, 2006, 0
LC, Divorced, 50-54, F, 2006, 83
LC, Divorced, 50-54, M, 2006, 77
LC, Divorced, 55-59, F, 2006, 40
LC, Divorced, 55-59, M, 2006, 48
LC, Divorced, 60-64, F, 2006, 27
LC, Divorced, 60-64, M, 2006, 26
LC, Divorced, 65-69, F, 2006, 18
LC, Divorced, 65-69, M, 2006, 17
LC, Divorced, 70-74, F, 2006, 7
LC, Divorced, 70-74, M, 2006, 3
LC, Divorced, 75-79, F, 2006, 2
LC, Divorced, 75-79, M, 2006, 2
LC, Divorced, 80-84, F, 2006, 0
LC, Divorced, 80-84, M, 2006, 0
LC, Divorced, 85-and-more, F, 2006, 0
LC, Divorced, 85-and-more, M, 2006, 1
LC, Married, 0-4, F, 2006, 0
LC, Married, 0-4, M, 2006, 0
LC, Married, 10-14, F, 2006, 0
LC, Married, 10-14, M, 2006, 0
LC, Married, 15-19, F, 2006, 11
LC, Married, 15-19, M, 2006, 7
LC, Married, 20-24, F, 2006, 106
LC, Married, 20-24, M, 2006, 79
LC, Married, 25-29, F, 2006, 388
LC, Married, 25-29, M, 2006, 346
LC, Married, 30-34, F, 2006, 721
LC, Married, 30-34, M, 2006, 684
LC, Married, 35-39, F, 2006, 824
LC, Married, 35-39, M, 2006, 846
LC, Married, 40-44, F, 2006, 1014
LC, Married, 40-44, M, 2006, 977
LC, Married, 45-49, F, 2006, 934
LC, Married, 45-49, M, 2006, 972
LC, Married, 5-9, F, 2006, 0
LC, Married, 5-9, M, 2006, 0
LC, Married, 50-54, F, 2006, 895
LC, Married, 50-54, M, 2006, 938
LC, Married, 55-59, F, 2006, 844
LC, Married, 55-59, M, 2006, 883
LC, Married, 60-64, F, 2006, 747
LC, Married, 60-64, M, 2006, 711
LC, Married, 65-69, F, 2006, 618
LC, Married, 65-69, M, 2006, 660
LC, Married, 70-74, F, 2006, 454
LC, Married, 70-74, M, 2006, 510
LC, Married, 75-79, F, 2006, 229
LC, Married, 75-79, M, 2006, 359
LC, Married, 80-84, F, 2006, 102
LC, Married, 80-84, M, 2006, 164
LC, Married, 85-and-more, F, 2006, 32
LC, Married, 85-and-more, M, 2006, 63
LC, Separated, 0-4, F, 2006, 0
LC, Separated, 0-4, M, 2006, 0
LC, Separated, 10-14, F, 2006, 0
LC, Separated, 10-14, M, 2006, 0
LC, Separated, 15-19, F, 2006, 1
LC, Separated, 15-19, M, 2006, 0
LC, Separated, 20-24, F, 2006, 7
LC, Separated, 20-24, M, 2006, 3
LC, Separated, 25-29, F, 2006, 26
LC, Separated, 25-29, M, 2006, 14
LC, Separated, 30-34, F, 2006, 78
LC, Separated, 30-34, M, 2006, 26
LC, Separated, 35-39, F, 2006, 127
LC, Separated, 35-39, M, 2006, 76
LC, Separated, 40-44, F, 2006, 189
LC, Separated, 40-44, M, 2006, 107
LC, Separated, 45-49, F, 2006, 176
LC, Separated, 45-49, M, 2006, 140
LC, Separated, 5-9, F, 2006, 0
LC, Separated, 5-9, M, 2006, 0
LC, Separated, 50-54, F, 2006, 189
LC, Separated, 50-54, M, 2006, 135
LC, Separated, 55-59, F, 2006, 163
LC, Separated, 55-59, M, 2006, 130
LC, Separated, 60-64, F, 2006, 93
LC, Separated, 60-64, M, 2006, 76
LC, Separated, 65-69, F, 2006, 48
LC, Separated, 65-69, M, 2006, 41
LC, Separated, 70-74, F, 2006, 16
LC, Separated, 70-74, M, 2006, 25
LC, Separated, 75-79, F, 2006, 8
LC, Separated, 75-79, M, 2006, 9
LC, Separated, 80-84, F, 2006, 2
LC, Separated, 80-84, M, 2006, 6
LC, Separated, 85-and-more, F, 2006, 1
LC, Separated, 85-and-more, M, 2006, 1
LC, Single, 0-4, F, 2006, 1574
LC, Single, 0-4, M, 2006, 1626
LC, Single, 10-14, F, 2006, 1513
LC, Single, 10-14, M, 2006, 1501
LC, Single, 15-19, F, 2006, 2209
LC, Single, 15-19, M, 2006, 1882
LC, Single, 20-24, F, 2006, 2829
LC, Single, 20-24, M, 2006, 2574
LC, Single, 25-29, F, 2006, 2060
LC, Single, 25-29, M, 2006, 2290
LC, Single, 30-34, F, 2006, 1094
LC, Single, 30-34, M, 2006, 1382
LC, Single, 35-39, F, 2006, 657
LC, Single, 35-39, M, 2006, 773
LC, Single, 40-44, F, 2006, 355
LC, Single, 40-44, M, 2006, 503
LC, Single, 45-49, F, 2006, 271
LC, Single, 45-49, M, 2006, 374
LC, Single, 5-9, F, 2006, 1548
LC, Single, 5-9, M, 2006, 1609
LC, Single, 50-54, F, 2006, 209
LC, Single, 50-54, M, 2006, 260
LC, Single, 55-59, F, 2006, 164
LC, Single, 55-59, M, 2006, 234
LC, Single, 60-64, F, 2006, 142
LC, Single, 60-64, M, 2006, 194
LC, Single, 65-69, F, 2006, 148
LC, Single, 65-69, M, 2006, 161
LC, Single, 70-74, F, 2006, 139
LC, Single, 70-74, M, 2006, 117
LC, Single, 75-79, F, 2006, 139
LC, Single, 75-79, M, 2006, 67
LC, Single, 80-84, F, 2006, 113
LC, Single, 80-84, M, 2006, 50
LC, Single, 85-and-more, F, 2006, 92
LC, Single, 85-and-more, M, 2006, 27
LC, Widowed, 0-4, F, 2006, 0
LC, Widowed, 0-4, M, 2006, 0
LC, Widowed, 10-14, F, 2006, 0
LC, Widowed, 10-14, M, 2006, 0
LC, Widowed, 15-19, F, 2006, 0
LC, Widowed, 15-19, M, 2006, 0
LC, Widowed, 20-24, F, 2006, 1
LC, Widowed, 20-24, M, 2006, 2
LC, Widowed, 25-29, F, 2006, 1
LC, Widowed, 25-29, M, 2006, 3
LC, Widowed, 30-34, F, 2006, 4
LC, Widowed, 30-34, M, 2006, 4
LC, Widowed, 35-39, F, 2006, 17
LC, Widowed, 35-39, M, 2006, 7
LC, Widowed, 40-44, F, 2006, 32
LC, Widowed, 40-44, M, 2006, 20
LC, Widowed, 45-49, F, 2006, 54
LC, Widowed, 45-49, M, 2006, 17
LC, Widowed, 5-9, F, 2006, 0
LC, Widowed, 5-9, M, 2006, 0
LC, Widowed, 50-54, F, 2006, 78
LC, Widowed, 50-54, M, 2006, 30
LC, Widowed, 55-59, F, 2006, 139
LC, Widowed, 55-59, M, 2006, 45
LC, Widowed, 60-64, F, 2006, 191
LC, Widowed, 60-64, M, 2006, 57
LC, Widowed, 65-69, F, 2006, 241
LC, Widowed, 65-69, M, 2006, 101
LC, Widowed, 70-74, F, 2006, 361
LC, Widowed, 70-74, M, 2006, 110
LC, Widowed, 75-79, F, 2006, 396
LC, Widowed, 75-79, M, 2006, 104
LC, Widowed, 80-84, F, 2006, 326
LC, Widowed, 80-84, M, 2006, 101
LC, Widowed, 85-and-more, F, 2006, 244
LC, Widowed, 85-and-more, M, 2006, 69
WC, Divorced, 0-4, F, 2006, 0
WC, Divorced, 0-4, M, 2006, 0
WC, Divorced, 10-14, F, 2006, 0
WC, Divorced, 10-14, M, 2006, 0
WC, Divorced, 15-19, F, 2006, 0
WC, Divorced, 15-19, M, 2006, 0
WC, Divorced, 20-24, F, 2006, 1
WC, Divorced, 20-24, M, 2006, 2
WC, Divorced, 25-29, F, 2006, 6
WC, Divorced, 25-29, M, 2006, 10
WC, Divorced, 30-34, F, 2006, 17
WC, Divorced, 30-34, M, 2006, 15
WC, Divorced, 35-39, F, 2006, 52
WC, Divorced, 35-39, M, 2006, 56
WC, Divorced, 40-44, F, 2006, 92
WC, Divorced, 40-44, M, 2006, 57
WC, Divorced, 45-49, F, 2006, 82
WC, Divorced, 45-49, M, 2006, 53
WC, Divorced, 5-9, F, 2006, 0
WC, Divorced, 5-9, M, 2006, 0
WC, Divorced, 50-54, F, 2006, 63
WC, Divorced, 50-54, M, 2006, 65
WC, Divorced, 55-59, F, 2006, 41
WC, Divorced, 55-59, M, 2006, 52
WC, Divorced, 60-64, F, 2006, 18
WC, Divorced, 60-64, M, 2006, 18
WC, Divorced, 65-69, F, 2006, 14
WC, Divorced, 65-69, M, 2006, 26
WC, Divorced, 70-74, F, 2006, 11
WC, Divorced, 70-74, M, 2006, 10
WC, Divorced, 75-79, F, 2006, 0
WC, Divorced, 75-79, M, 2006, 0
WC, Divorced, 80-84, F, 2006, 3
WC, Divorced, 80-84, M, 2006, 1
WC, Divorced, 85-and-more, F, 2006, 2
WC, Divorced, 85-and-more, M, 2006, 0
WC, Married, 0-4, F, 2006, 0
WC, Married, 0-4, M, 2006, 0
WC, Married, 10-14, F, 2006, 0
WC, Married, 10-14, M, 2006, 0
WC, Married, 15-19, F, 2006, 6
WC, Married, 15-19, M, 2006, 10
WC, Married, 20-24, F, 2006, 75
WC, Married, 20-24, M, 2006, 53
WC, Married, 25-29, F, 2006, 449
WC, Married, 25-29, M, 2006, 259
WC, Married, 30-34, F, 2006, 751
WC, Married, 30-34, M, 2006, 659
WC, Married, 35-39, F, 2006, 908
WC, Married, 35-39, M, 2006, 910
WC, Married, 40-44, F, 2006, 973
WC, Married, 40-44, M, 2006, 1008
WC, Married, 45-49, F, 2006, 925
WC, Married, 45-49, M, 2006, 904
WC, Married, 5-9, F, 2006, 0
WC, Married, 5-9, M, 2006, 0
WC, Married, 50-54, F, 2006, 860
WC, Married, 50-54, M, 2006, 893
WC, Married, 55-59, F, 2006, 792
WC, Married, 55-59, M, 2006, 811
WC, Married, 60-64, F, 2006, 705
WC, Married, 60-64, M, 2006, 732
WC, Married, 65-69, F, 2006, 535
WC, Married, 65-69, M, 2006, 612
WC, Married, 70-74, F, 2006, 381
WC, Married, 70-74, M, 2006, 440
WC, Married, 75-79, F, 2006, 202
WC, Married, 75-79, M, 2006, 250
WC, Married, 80-84, F, 2006, 92
WC, Married, 80-84, M, 2006, 141
WC, Married, 85-and-more, F, 2006, 29
WC, Married, 85-and-more, M, 2006, 60
WC, Separated, 0-4, F, 2006, 0
WC, Separated, 0-4, M, 2006, 0
WC, Separated, 10-14, F, 2006, 0
WC, Separated, 10-14, M, 2006, 0
WC, Separated, 15-19, F, 2006, 4
WC, Separated, 15-19, M, 2006, 1
WC, Separated, 20-24, F, 2006, 14
WC, Separated, 20-24, M, 2006, 3
WC, Separated, 25-29, F, 2006, 25
WC, Separated, 25-29, M, 2006, 3
WC, Separated, 30-34, F, 2006, 78
WC, Separated, 30-34, M, 2006, 35
WC, Separated, 35-39, F, 2006, 109
WC, Separated, 35-39, M, 2006, 61
WC, Separated, 40-44, F, 2006, 168
WC, Separated, 40-44, M, 2006, 83
WC, Separated, 45-49, F, 2006, 160
WC, Separated, 45-49, M, 2006, 100
WC, Separated, 5-9, F, 2006, 0
WC, Separated, 5-9, M, 2006, 0
WC, Separated, 50-54, F, 2006, 111
WC, Separated, 50-54, M, 2006, 117
WC, Separated, 55-59, F, 2006, 105
WC, Separated, 55-59, M, 2006, 88
WC, Separated, 60-64, F, 2006, 61
WC, Separated, 60-64, M, 2006, 44
WC, Separated, 65-69, F, 2006, 31
WC, Separated, 65-69, M, 2006, 35
WC, Separated, 70-74, F, 2006, 20
WC, Separated, 70-74, M, 2006, 21
WC, Separated, 75-79, F, 2006, 8
WC, Separated, 75-79, M, 2006, 12
WC, Separated, 80-84, F, 2006, 2
WC, Separated, 80-84, M, 2006, 3
WC, Separated, 85-and-more, F, 2006, 1
WC, Separated, 85-and-more, M, 2006, 1
WC, Single, 0-4, F, 2006, 1546
WC, Single, 0-4, M, 2006, 1632
WC, Single, 10-14, F, 2006, 1399
WC, Single, 10-14, M, 2006, 1363
WC, Single, 15-19, F, 2006, 1680
WC, Single, 15-19, M, 2006, 1639
WC, Single, 20-24, F, 2006, 2154
WC, Single, 20-24, M, 2006, 2135
WC, Single, 25-29, F, 2006, 1640
WC, Single, 25-29, M, 2006, 1860
WC, Single, 30-34, F, 2006, 830
WC, Single, 30-34, M, 2006, 1067
WC, Single, 35-39, F, 2006, 481
WC, Single, 35-39, M, 2006, 601
WC, Single, 40-44, F, 2006, 284
WC, Single, 40-44, M, 2006, 403
WC, Single, 45-49, F, 2006, 222
WC, Single, 45-49, M, 2006, 235
WC, Single, 5-9, F, 2006, 1337
WC, Single, 5-9, M, 2006, 1501
WC, Single, 50-54, F, 2006, 149
WC, Single, 50-54, M, 2006, 233
WC, Single, 55-59, F, 2006, 118
WC, Single, 55-59, M, 2006, 178
WC, Single, 60-64, F, 2006, 90
WC, Single, 60-64, M, 2006, 151
WC, Single, 65-69, F, 2006, 98
WC, Single, 65-69, M, 2006, 120
WC, Single, 70-74, F, 2006, 112
WC, Single, 70-74, M, 2006, 103
WC, Single, 75-79, F, 2006, 106
WC, Single, 75-79, M, 2006, 74
WC, Single, 80-84, F, 2006, 96
WC, Single, 80-84, M, 2006, 38
WC, Single, 85-and-more, F, 2006, 86
WC, Single, 85-and-more, M, 2006, 21
WC, Widowed, 0-4, F, 2006, 0
WC, Widowed, 0-4, M, 2006, 0
WC, Widowed, 10-14, F, 2006, 0
WC, Widowed, 10-14, M, 2006, 0
WC, Widowed, 15-19, F, 2006, 0
WC, Widowed, 15-19, M, 2006, 0
WC, Widowed, 20-24, F, 2006, 1
WC, Widowed, 20-24, M, 2006, 6
WC, Widowed, 25-29, F, 2006, 5
WC, Widowed, 25-29, M, 2006, 6
WC, Widowed, 30-34, F, 2006, 10
WC, Widowed, 30-34, M, 2006, 11
WC, Widowed, 35-39, F, 2006, 16
WC, Widowed, 35-39, M, 2006, 11
WC, Widowed, 40-44, F, 2006, 16
WC, Widowed, 40-44, M, 2006, 14
WC, Widowed, 45-49, F, 2006, 36
WC, Widowed, 45-49, M, 2006, 24
WC, Widowed, 5-9, F, 2006, 0
WC, Widowed, 5-9, M, 2006, 0
WC, Widowed, 50-54, F, 2006, 46
WC, Widowed, 50-54, M, 2006, 26
WC, Widowed, 55-59, F, 2006, 84
WC, Widowed, 55-59, M, 2006, 35
WC, Widowed, 60-64, F, 2006, 136
WC, Widowed, 60-64, M, 2006, 55
WC, Widowed, 65-69, F, 2006, 249
WC, Widowed, 65-69, M, 2006, 57
WC, Widowed, 70-74, F, 2006, 280
WC, Widowed, 70-74, M, 2006, 92
WC, Widowed, 75-79, F, 2006, 301
WC, Widowed, 75-79, M, 2006, 87
WC, Widowed, 80-84, F, 2006, 298
WC, Widowed, 80-84, M, 2006, 80
WC, Widowed, 85-and-more, F, 2006, 238
WC, Widowed, 85-and-more, M, 2006, 50
